{"cameraMode":{"drawMode":0,"name":"Shaded","section":"Shading Mode"},"sceneLighting":false,"audioPlay":false,"sceneViewState":{"m_AlwaysRefresh":true,"showFog":true,"showSkybox":false,"showFlares":true,"showImageEffects":true,"showParticleSystems":true,"showVisualEffectGraphs":true,"m_FxEnabled":false},"in2DMode":false,"pivot":{"x":24.739999771118165,"y":0.9199995994567871,"z":4.360000133514404},"rotation":{"x":0.19577769935131074,"y":0.2507883608341217,"z":-0.05087802931666374,"w":0.9471996426582336},"size":0.9354143738746643,"orthographic":false}