{"cameraMode":{"drawMode":0,"name":"Shaded","section":"Shading Mode"},"sceneLighting":false,"audioPlay":false,"sceneViewState":{"m_AlwaysRefresh":true,"showFog":true,"showSkybox":false,"showFlares":true,"showImageEffects":true,"showParticleSystems":true,"showVisualEffectGraphs":true,"m_FxEnabled":false},"in2DMode":false,"pivot":{"x":24.44999885559082,"y":0.9199995994567871,"z":2.0799999237060549},"rotation":{"x":-0.09378429502248764,"y":-0.5763691067695618,"z":0.06581249088048935,"w":-0.8095608949661255},"size":1.0606601238250733,"orthographic":false}